#,Name,Type 1,Type 2,Total,HP,Attack,Defense,Sp. Atk,Sp. Def,Speed,Generation,Legendary
1,Bulbasaur,Grass,Poison,319,45,49,49,65,65,45,1,False
2,Ivysaur,Grass,Poison,406,60,62,63,80,80,60,1,False
3,Venusaur,Grass,Poison,526,80,82,83,100,100,80,1,False
3,VenusaurMega Venusaur,Grass,Poison,626,80,100,123,122,120,80,1,False
4,Charmander,Fire,,310,39,52,43,60,50,65,1,False
5,Charmeleon,Fire,,406,58,64,58,80,65,80,1,False
6,Charizard,Fire,Flying,535,78,84,78,109,85,100,1,False
6,CharizardMega Charizard X,Fire,Dragon,635,78,130,111,130,85,100,1,False
6,CharizardMega Charizard Y,Fire,Flying,635,78,104,78,159,115,100,1,False
7,Squirtle,Water,,315,44,48,65,50,64,43,1,False
8,Wartortle,Water,,406,59,63,80,65,80,58,1,False
9,Blastoise,Water,,531,79,83,100,85,105,78,1,False
9,BlastoiseMega Blastoise,Water,,631,79,103,120,135,115,78,1,False
10,Caterpie,Bug,,196,45,30,35,20,20,45,1,False
11,Metapod,Bug,,206,50,20,55,25,25,30,1,False
12,Butterfree,Bug,Flying,396,60,45,50,90,80,70,1,False
13,Weedle,Bug,Poison,196,40,35,30,20,20,50,1,False
14,Kakuna,Bug,Poison,206,45,25,50,25,25,35,1,False
15,Beedrill,Bug,Poison,396,65,90,40,45,80,75,1,False
15,BeedrillMega Beedrill,Bug,Poison,496,65,150,40,15,80,145,1,False
16,Pidgey,Normal,Flying,252,40,45,40,35,35,56,1,False
17,Pidgeotto,Normal,Flying,350,63,60,55,50,50,71,1,False
18,Pidgeot,Normal,Flying,480,83,80,75,70,70,101,1,False
18,PidgeotMega Pidgeot,Normal,Flying,580,83,80,80,135,80,121,1,False
19,Rattata,Normal,,254,30,56,35,25,35,72,1,False
20,Raticate,Normal,,414,55,81,60,50,70,97,1,False
21,Spearow,Normal,Flying,263,40,60,30,31,31,70,1,False
22,Fearow,Normal,Flying,443,65,90,65,61,61,100,1,False
23,Ekans,Poison,,289,35,60,44,40,54,55,1,False
24,Arbok,Poison,,439,60,85,69,65,79,80,1,False
25,Pikachu,Electric,,321,35,55,40,50,50,90,1,False
26,Raichu,Electric,,486,60,90,55,90,80,110,1,False
27,Sandshrew,Ground,,301,50,75,85,20,30,40,1,False
28,Sandslash,Ground,,451,75,100,110,45,55,65,1,False
29,Nidoran (Female),Poison,,276,55,47,52,40,40,41,1,False
30,Nidorina,Poison,,366,70,62,67,55,55,56,1,False
31,Nidoqueen,Poison,Ground,506,90,92,87,75,85,76,1,False
32,Nidoran (Male),Poison,,274,46,57,40,40,40,50,1,False
33,Nidorino,Poison,,366,61,72,57,55,55,65,1,False
34,Nidoking,Poison,Ground,506,81,102,77,85,75,85,1,False
35,Clefairy,Fairy,,324,70,45,48,60,65,35,1,False
36,Clefable,Fairy,,484,95,70,73,95,90,60,1,False
37,Vulpix,Fire,,300,38,41,40,50,65,65,1,False
38,Ninetales,Fire,,506,73,76,75,81,100,100,1,False
39,Jigglypuff,Normal,Fairy,271,115,45,20,45,25,20,1,False
40,Wigglytuff,Normal,Fairy,436,140,70,45,85,50,45,1,False
41,Zubat,Poison,Flying,246,40,45,35,30,40,55,1,False
42,Golbat,Poison,Flying,456,75,80,70,65,75,90,1,False
43,Oddish,Grass,Poison,321,45,50,55,75,65,30,1,False
44,Gloom,Grass,Poison,396,60,65,70,85,75,40,1,False
45,Vileplume,Grass,Poison,491,75,80,85,110,90,50,1,False
46,Paras,Bug,Grass,286,35,70,55,45,55,25,1,False
47,Parasect,Bug,Grass,406,60,95,80,60,80,30,1,False
48,Venonat,Bug,Poison,306,60,55,50,40,55,45,1,False
49,Venomoth,Bug,Poison,451,70,65,60,90,75,90,1,False
50,Diglett,Ground,,266,10,55,25,35,45,95,1,False
51,Dugtrio,Ground,,406,35,80,50,50,70,120,1,False
52,Meowth,Normal,,291,40,45,35,40,40,90,1,False
53,Persian,Normal,,441,65,70,60,65,65,115,1,False
54,Psyduck,Water,,321,50,52,48,65,50,55,1,False
55,Golduck,Water,,501,80,82,78,95,80,85,1,False
56,Mankey,Fighting,,306,40,80,35,35,45,70,1,False
57,Primeape,Fighting,,456,65,105,60,60,70,95,1,False
58,Growlithe,Fire,,351,55,70,45,70,50,60,1,False
59,Arcanine,Fire,,556,90,110,80,100,80,95,1,False
60,Poliwag,Water,,301,40,50,40,40,40,90,1,False
61,Poliwhirl,Water,,386,65,65,65,50,50,90,1,False
62,Poliwrath,Water,Fighting,511,90,95,95,70,90,70,1,False
63,Abra,Psychic,,311,25,20,15,105,55,90,1,False
64,Kadabra,Psychic,,401,40,35,30,120,70,105,1,False
65,Alakazam,Psychic,,501,55,50,45,135,95,120,1,False
65,AlakazamMega Alakazam,Psychic,,591,55,50,65,175,95,150,1,False
66,Machop,Fighting,,306,70,80,50,35,35,35,1,False
67,Machoke,Fighting,,406,80,100,70,50,60,45,1,False
68,Machamp,Fighting,,506,90,130,80,65,85,55,1,False
69,Bellsprout,Grass,Poison,301,50,75,35,70,30,40,1,False
70,Weepinbell,Grass,Poison,391,65,90,50,85,45,55,1,False
71,Victreebel,Grass,Poison,491,80,105,65,100,70,70,1,False
72,Tentacool,Water,Poison,336,40,40,35,50,100,70,1,False
73,Tentacruel,Water,Poison,516,80,70,65,80,120,100,1,False
74,Geodude,Rock,Ground,301,40,80,100,30,30,20,1,False
75,Graveler,Rock,Ground,391,55,95,115,45,45,35,1,False
76,Golem,Rock,Ground,496,80,120,130,55,65,45,1,False
77,Ponyta,Fire,,411,50,85,55,65,65,90,1,False
78,Rapidash,Fire,,501,65,100,70,80,80,105,1,False
79,Slowpoke,Water,Psychic,316,90,65,65,40,40,15,1,False
80,Slowbro,Water,Psychic,491,95,75,110,100,80,30,1,False
80,SlowbroMega Slowbro,Water,Psychic,591,95,75,180,130,80,30,1,False
81,Magnemite,Electric,Steel,326,25,35,70,95,55,45,1,False
82,Magneton,Electric,Steel,466,50,60,95,120,70,70,1,False
83,Farfetch'd,Normal,Flying,353,52,65,55,58,62,60,1,False
84,Doduo,Normal,Flying,311,35,85,45,35,35,75,1,False
85,Dodrio,Normal,Flying,461,60,110,70,60,60,100,1,False
86,Seel,Water,,326,65,45,55,45,70,45,1,False
87,Dewgong,Water,Ice,476,90,70,80,70,95,70,1,False
88,Grimer,Poison,,326,80,80,50,40,50,25,1,False
89,Muk,Poison,,501,105,105,75,65,100,50,1,False
90,Shellder,Water,,306,30,65,100,45,25,40,1,False
91,Cloyster,Water,Ice,526,50,95,180,85,45,70,1,False
92,Gastly,Ghost,Poison,311,30,35,30,100,35,80,1,False
93,Haunter,Ghost,Poison,406,45,50,45,115,55,95,1,False
94,Gengar,Ghost,Poison,501,60,65,60,130,75,110,1,False
94,GengarMega Gengar,Ghost,Poison,601,60,65,80,170,95,130,1,False
95,Onix,Rock,Ground,386,35,45,160,30,45,70,1,False
96,Drowzee,Psychic,,329,60,48,45,43,90,42,1,False
97,Hypno,Psychic,,484,85,73,70,73,115,67,1,False
98,Krabby,Water,,326,30,105,90,25,25,50,1,False
99,Kingler,Water,,476,55,130,115,50,50,75,1,False
100,Voltorb,Electric,,331,40,30,50,55,55,100,1,False
101,Electrode,Electric,,481,60,50,70,80,80,140,1,False
102,Exeggcute,Grass,Psychic,326,60,40,80,60,45,40,1,False
103,Exeggutor,Grass,Psychic,521,95,95,85,125,65,55,1,False
104,Cubone,Ground,,321,50,50,95,40,50,35,1,False
105,Marowak,Ground,,426,60,80,110,50,80,45,1,False
106,Hitmonlee,Fighting,,456,50,120,53,35,110,87,1,False
107,Hitmonchan,Fighting,,456,50,105,79,35,110,76,1,False
108,Lickitung,Normal,,386,90,55,75,60,75,30,1,False
109,Koffing,Poison,,341,40,65,95,60,45,35,1,False
110,Weezing,Poison,,491,65,90,120,85,70,60,1,False
111,Rhyhorn,Ground,Rock,346,80,85,95,30,30,25,1,False
112,Rhydon,Ground,Rock,486,105,130,120,45,45,40,1,False
113,Chansey,Normal,,451,250,5,5,35,105,50,1,False
114,Tangela,Grass,,436,65,55,115,100,40,60,1,False
115,Kangaskhan,Normal,,491,105,95,80,40,80,90,1,False
115,KangaskhanMega Kangaskhan,Normal,,591,105,125,100,60,100,100,1,False
116,Horsea,Water,,296,30,40,70,70,25,60,1,False
117,Seadra,Water,,441,55,65,95,95,45,85,1,False
118,Goldeen,Water,,321,45,67,60,35,50,63,1,False
119,Seaking,Water,,451,80,92,65,65,80,68,1,False
120,Staryu,Water,,341,30,45,55,70,55,85,1,False
121,Starmie,Water,Psychic,521,60,75,85,100,85,115,1,False
122,Mr. Mime,Psychic,Fairy,461,40,45,65,100,120,90,1,False
123,Scyther,Bug,Flying,501,70,110,80,55,80,105,1,False
124,Jynx,Ice,Psychic,456,65,50,35,115,95,95,1,False
125,Electabuzz,Electric,,491,65,83,57,95,85,105,1,False
126,Magmar,Fire,,496,65,95,57,100,85,93,1,False
127,Pinsir,Bug,,501,65,125,100,55,70,85,1,False
127,PinsirMega Pinsir,Bug,Flying,601,65,155,120,65,90,105,1,False
128,Tauros,Normal,,491,75,100,95,40,70,110,1,False
129,Magikarp,Water,,201,20,10,55,15,20,80,1,False
130,Gyarados,Water,Flying,541,95,125,79,60,100,81,1,False
130,GyaradosMega Gyarados,Water,Dark,641,95,155,109,70,130,81,1,False
131,Lapras,Water,Ice,536,130,85,80,85,95,60,1,False
132,Ditto,Normal,,289,48,48,48,48,48,48,1,False
133,Eevee,Normal,,326,55,55,50,45,65,55,1,False
134,Vaporeon,Water,,526,130,65,60,110,95,65,1,False
135,Jolteon,Electric,,526,65,65,60,110,95,130,1,False
136,Flareon,Fire,,526,65,130,60,95,110,65,1,False
137,Porygon,Normal,,396,65,60,70,85,75,40,1,False
138,Omanyte,Rock,Water,356,35,40,100,90,55,35,1,False
139,Omastar,Rock,Water,496,70,60,125,115,70,55,1,False
140,Kabuto,Rock,Water,356,30,80,90,55,45,55,1,False
141,Kabutops,Rock,Water,496,60,115,105,65,70,80,1,False
142,Aerodactyl,Rock,Flying,516,80,105,65,60,75,130,1,False
142,AerodactylMega Aerodactyl,Rock,Flying,616,80,135,85,70,95,150,1,False
143,Snorlax,Normal,,541,160,110,65,65,110,30,1,False
144,Articuno,Ice,Flying,581,90,85,100,95,125,85,1,True
145,Zapdos,Electric,Flying,581,90,90,85,125,90,100,1,True
146,Moltres,Fire,Flying,581,90,100,90,125,85,90,1,True
147,Dratini,Dragon,,301,41,64,45,50,50,50,1,False
148,Dragonair,Dragon,,421,61,84,65,70,70,70,1,False
149,Dragonite,Dragon,Flying,601,91,134,95,100,100,80,1,False
150,Mewtwo,Psychic,,681,106,110,90,154,90,130,1,True
150,MewtwoMega Mewtwo X,Psychic,Fighting,781,106,190,100,154,100,130,1,True
150,MewtwoMega Mewtwo Y,Psychic,,781,106,150,70,194,120,140,1,True
151,Mew,Psychic,,601,100,100,100,100,100,100,1,False
152,Chikorita,Grass,,320,45,49,65,49,65,45,2,False
153,Bayleef,Grass,,407,60,62,80,63,80,60,2,False
154,Meganium,Grass,,527,80,82,100,83,100,80,2,False
155,Cyndaquil,Fire,,311,39,52,43,60,50,65,2,False
156,Quilava,Fire,,407,58,64,58,80,65,80,2,False
157,Typhlosion,Fire,,536,78,84,78,109,85,100,2,False
158,Totodile,Water,,316,50,65,64,44,48,43,2,False
159,Croconaw,Water,,407,65,80,80,59,63,58,2,False
160,Feraligatr,Water,,532,85,105,100,79,83,78,2,False
161,Sentret,Normal,,217,35,46,34,35,45,20,2,False
162,Furret,Normal,,417,85,76,64,45,55,90,2,False
163,Hoothoot,Normal,Flying,264,60,30,30,36,56,50,2,False
164,Noctowl,Normal,Flying,444,100,50,50,76,96,70,2,False
165,Ledyba,Bug,Flying,267,40,20,30,40,80,55,2,False
166,Ledian,Bug,Flying,392,55,35,50,55,110,85,2,False
167,Spinarak,Bug,Poison,252,40,60,40,40,40,30,2,False
168,Ariados,Bug,Poison,392,70,90,70,60,60,40,2,False
169,Crobat,Poison,Flying,537,85,90,80,70,80,130,2,False
170,Chinchou,Water,Electric,332,75,38,38,56,56,67,2,False
171,Lanturn,Water,Electric,462,125,58,58,76,76,67,2,False
172,Pichu,Electric,,207,20,40,15,35,35,60,2,False
173,Cleffa,Fairy,,220,50,25,28,45,55,15,2,False
174,Igglybuff,Normal,Fairy,212,90,30,15,40,20,15,2,False
175,Togepi,Fairy,,247,35,20,65,40,65,20,2,False
176,Togetic,Fairy,Flying,407,55,40,85,80,105,40,2,False
177,Natu,Psychic,Flying,322,40,50,45,70,45,70,2,False
178,Xatu,Psychic,Flying,472,65,75,70,95,70,95,2,False
179,Mareep,Electric,,282,55,40,40,65,45,35,2,False
180,Flaaffy,Electric,,367,70,55,55,80,60,45,2,False
181,Ampharos,Electric,,512,90,75,85,115,90,55,2,False
181,AmpharosMega Ampharos,Electric,Dragon,612,90,95,105,165,110,45,2,False
182,Bellossom,Grass,,492,75,80,95,90,100,50,2,False
183,Marill,Water,Fairy,252,70,20,50,20,50,40,2,False
184,Azumarill,Water,Fairy,422,100,50,80,60,80,50,2,False
185,Sudowoodo,Rock,,412,70,100,115,30,65,30,2,False
186,Politoed,Water,,502,90,75,75,90,100,70,2,False
187,Hoppip,Grass,Flying,252,35,35,40,35,55,50,2,False
188,Skiploom,Grass,Flying,342,55,45,50,45,65,80,2,False
189,Jumpluff,Grass,Flying,462,75,55,70,55,95,110,2,False
190,Aipom,Normal,,362,55,70,55,40,55,85,2,False
191,Sunkern,Grass,,182,30,30,30,30,30,30,2,False
192,Sunflora,Grass,,427,75,75,55,105,85,30,2,False
193,Yanma,Bug,Flying,392,65,65,45,75,45,95,2,False
194,Wooper,Water,Ground,212,55,45,45,25,25,15,2,False
195,Quagsire,Water,Ground,432,95,85,85,65,65,35,2,False
196,Espeon,Psychic,,527,65,65,60,130,95,110,2,False
197,Umbreon,Dark,,527,95,65,110,60,130,65,2,False
198,Murkrow,Dark,Flying,407,60,85,42,85,42,91,2,False
199,Slowking,Water,Psychic,492,95,75,80,100,110,30,2,False
200,Misdreavus,Ghost,,437,60,60,60,85,85,85,2,False
201,Unown,Psychic,,338,48,72,48,72,48,48,2,False
202,Wobbuffet,Psychic,,407,190,33,58,33,58,33,2,False
203,Girafarig,Normal,Psychic,457,70,80,65,90,65,85,2,False
204,Pineco,Bug,,292,50,65,90,35,35,15,2,False
205,Forretress,Bug,Steel,467,75,90,140,60,60,40,2,False
206,Dunsparce,Normal,,417,100,70,70,65,65,45,2,False
207,Gligar,Ground,Flying,432,65,75,105,35,65,85,2,False
208,Steelix,Steel,Ground,512,75,85,200,55,65,30,2,False
208,SteelixMega Steelix,Steel,Ground,612,75,125,230,55,95,30,2,False
209,Snubbull,Fairy,,302,60,80,50,40,40,30,2,False
210,Granbull,Fairy,,452,90,120,75,60,60,45,2,False
211,Qwilfish,Water,Poison,432,65,95,75,55,55,85,2,False
212,Scizor,Bug,Steel,502,70,130,100,55,80,65,2,False
212,ScizorMega Scizor,Bug,Steel,602,70,150,140,65,100,75,2,False
213,Shuckle,Bug,Rock,507,20,10,230,10,230,5,2,False
214,Heracross,Bug,Fighting,502,80,125,75,40,95,85,2,False
214,HeracrossMega Heracross,Bug,Fighting,602,80,185,115,40,105,75,2,False
215,Sneasel,Dark,Ice,432,55,95,55,35,75,115,2,False
216,Teddiursa,Normal,,332,60,80,50,50,50,40,2,False
217,Ursaring,Normal,,502,90,130,75,75,75,55,2,False
218,Slugma,Fire,,252,40,40,40,70,40,20,2,False
219,Magcargo,Fire,Rock,412,50,50,120,80,80,30,2,False
220,Swinub,Ice,Ground,252,50,50,40,30,30,50,2,False
221,Piloswine,Ice,Ground,452,100,100,80,60,60,50,2,False
222,Corsola,Water,Rock,382,55,55,85,65,85,35,2,False
223,Remoraid,Water,,302,35,65,35,65,35,65,2,False
224,Octillery,Water,,482,75,105,75,105,75,45,2,False
225,Delibird,Ice,Flying,332,45,55,45,65,45,75,2,False
226,Mantine,Water,Flying,467,65,40,70,80,140,70,2,False
227,Skarmory,Steel,Flying,467,65,80,140,40,70,70,2,False
228,Houndour,Dark,Fire,332,45,60,30,80,50,65,2,False
229,Houndoom,Dark,Fire,502,75,90,50,110,80,95,2,False
229,HoundoomMega Houndoom,Dark,Fire,602,75,90,90,140,90,115,2,False
230,Kingdra,Water,Dragon,542,75,95,95,95,95,85,2,False
231,Phanpy,Ground,,332,90,60,60,40,40,40,2,False
232,Donphan,Ground,,502,90,120,120,60,60,50,2,False
233,Porygon2,Normal,,517,85,80,90,105,95,60,2,False
234,Stantler,Normal,,467,73,95,62,85,65,85,2,False
235,Smeargle,Normal,,252,55,20,35,20,45,75,2,False
236,Tyrogue,Fighting,,212,35,35,35,35,35,35,2,False
237,Hitmontop,Fighting,,457,50,95,95,35,110,70,2,False
238,Smoochum,Ice,Psychic,307,45,30,15,85,65,65,2,False
239,Elekid,Electric,,362,45,63,37,65,55,95,2,False
240,Magby,Fire,,367,45,75,37,70,55,83,2,False
241,Miltank,Normal,,492,95,80,105,40,70,100,2,False
242,Blissey,Normal,,542,255,10,10,75,135,55,2,False
243,Raikou,Electric,,582,90,85,75,115,100,115,2,True
244,Entei,Fire,,582,115,115,85,90,75,100,2,True
245,Suicune,Water,,582,100,75,115,90,115,85,2,True
246,Larvitar,Rock,Ground,302,50,64,50,45,50,41,2,False
247,Pupitar,Rock,Ground,412,70,84,70,65,70,51,2,False
248,Tyranitar,Rock,Dark,602,100,134,110,95,100,61,2,False
248,TyranitarMega Tyranitar,Rock,Dark,702,100,164,150,95,120,71,2,False
249,Lugia,Psychic,Flying,682,106,90,130,90,154,110,2,True
250,Ho-oh,Fire,Flying,682,106,130,90,110,154,90,2,True
251,Celebi,Psychic,Grass,602,100,100,100,100,100,100,2,False
252,Treecko,Grass,,313,40,45,35,65,55,70,3,False
253,Grovyle,Grass,,408,50,65,45,85,65,95,3,False
254,Sceptile,Grass,,533,70,85,65,105,85,120,3,False
254,SceptileMega Sceptile,Grass,Dragon,633,70,110,75,145,85,145,3,False
255,Torchic,Fire,,313,45,60,40,70,50,45,3,False
256,Combusken,Fire,Fighting,408,60,85,60,85,60,55,3,False
257,Blaziken,Fire,Fighting,533,80,120,70,110,70,80,3,False
257,BlazikenMega Blaziken,Fire,Fighting,633,80,160,80,130,80,100,3,False
258,Mudkip,Water,,313,50,70,50,50,50,40,3,False
259,Marshtomp,Water,Ground,408,70,85,70,60,70,50,3,False
260,Swampert,Water,Ground,538,100,110,90,85,90,60,3,False
260,SwampertMega Swampert,Water,Ground,638,100,150,110,95,110,70,3,False
261,Poochyena,Dark,,223,35,55,35,30,30,35,3,False
262,Mightyena,Dark,,423,70,90,70,60,60,70,3,False
263,Zigzagoon,Normal,,243,38,30,41,30,41,60,3,False
264,Linoone,Normal,,423,78,70,61,50,61,100,3,False
265,Wurmple,Bug,,198,45,45,35,20,30,20,3,False
266,Silcoon,Bug,,208,50,35,55,25,25,15,3,False
267,Beautifly,Bug,Flying,398,60,70,50,100,50,65,3,False
268,Cascoon,Bug,,208,50,35,55,25,25,15,3,False
269,Dustox,Bug,Poison,388,60,50,70,50,90,65,3,False
270,Lotad,Water,Grass,223,40,30,30,40,50,30,3,False
271,Lombre,Water,Grass,343,60,50,50,60,70,50,3,False
272,Ludicolo,Water,Grass,483,80,70,70,90,100,70,3,False
273,Seedot,Grass,,223,40,40,50,30,30,30,3,False
274,Nuzleaf,Grass,Dark,343,70,70,40,60,40,60,3,False
275,Shiftry,Grass,Dark,483,90,100,60,90,60,80,3,False
276,Taillow,Normal,Flying,273,40,55,30,30,30,85,3,False
277,Swellow,Normal,Flying,433,60,85,60,50,50,125,3,False
278,Wingull,Water,Flying,273,40,30,30,55,30,85,3,False
279,Pelipper,Water,Flying,433,60,50,100,85,70,65,3,False
280,Ralts,Psychic,Fairy,201,28,25,25,45,35,40,3,False
281,Kirlia,Psychic,Fairy,281,38,35,35,65,55,50,3,False
282,Gardevoir,Psychic,Fairy,521,68,65,65,125,115,80,3,False
282,GardevoirMega Gardevoir,Psychic,Fairy,621,68,85,65,165,135,100,3,False
283,Surskit,Bug,Water,272,40,30,32,50,52,65,3,False
284,Masquerain,Bug,Flying,417,70,60,62,80,82,60,3,False
285,Shroomish,Grass,,298,60,40,60,40,60,35,3,False
286,Breloom,Grass,Fighting,463,60,130,80,60,60,70,3,False
287,Slakoth,Normal,,283,60,60,60,35,35,30,3,False
288,Vigoroth,Normal,,443,80,80,80,55,55,90,3,False
289,Slaking,Normal,,673,150,160,100,95,65,100,3,False
290,Nincada,Bug,Ground,269,31,45,90,30,30,40,3,False
291,Ninjask,Bug,Flying,459,61,90,45,50,50,160,3,False
292,Shedinja,Bug,Ghost,239,1,90,45,30,30,40,3,False
293,Whismur,Normal,,243,64,51,23,51,23,28,3,False
294,Loudred,Normal,,363,84,71,43,71,43,48,3,False
295,Exploud,Normal,,493,104,91,63,91,73,68,3,False
296,Makuhita,Fighting,,240,72,60,30,20,30,25,3,False
297,Hariyama,Fighting,,477,144,120,60,40,60,50,3,False
298,Azurill,Normal,Fairy,193,50,20,40,20,40,20,3,False
299,Nosepass,Rock,,378,30,45,135,45,90,30,3,False
300,Skitty,Normal,,263,50,45,45,35,35,50,3,False
301,Delcatty,Normal,,383,70,65,65,55,55,70,3,False
302,Sableye,Dark,Ghost,383,50,75,75,65,65,50,3,False
302,SableyeMega Sableye,Dark,Ghost,483,50,85,125,85,115,20,3,False
303,Mawile,Steel,Fairy,383,50,85,85,55,55,50,3,False
303,MawileMega Mawile,Steel,Fairy,483,50,105,125,55,95,50,3,False
304,Aron,Steel,Rock,333,50,70,100,40,40,30,3,False
305,Lairon,Steel,Rock,433,60,90,140,50,50,40,3,False
306,Aggron,Steel,Rock,533,70,110,180,60,60,50,3,False
306,AggronMega Aggron,Steel,,633,70,140,230,60,80,50,3,False
307,Meditite,Fighting,Psychic,283,30,40,55,40,55,60,3,False
308,Medicham,Fighting,Psychic,413,60,60,75,60,75,80,3,False
308,MedichamMega Medicham,Fighting,Psychic,513,60,100,85,80,85,100,3,False
309,Electrike,Electric,,298,40,45,40,65,40,65,3,False
310,Manectric,Electric,,478,70,75,60,105,60,105,3,False
310,ManectricMega Manectric,Electric,,578,70,75,80,135,80,135,3,False
311,Plusle,Electric,,408,60,50,40,85,75,95,3,False
312,Minun,Electric,,408,60,40,50,75,85,95,3,False
313,Volbeat,Bug,,403,65,73,55,47,75,85,3,False
314,Illumise,Bug,,403,65,47,55,73,75,85,3,False
315,Roselia,Grass,Poison,403,50,60,45,100,80,65,3,False
316,Gulpin,Poison,,305,70,43,53,43,53,40,3,False
317,Swalot,Poison,,470,100,73,83,73,83,55,3,False
318,Carvanha,Water,Dark,308,45,90,20,65,20,65,3,False
319,Sharpedo,Water,Dark,463,70,120,40,95,40,95,3,False
319,SharpedoMega Sharpedo,Water,Dark,563,70,140,70,110,65,105,3,False
320,Wailmer,Water,,403,130,70,35,70,35,60,3,False
321,Wailord,Water,,503,170,90,45,90,45,60,3,False
322,Numel,Fire,Ground,308,60,60,40,65,45,35,3,False
323,Camerupt,Fire,Ground,463,70,100,70,105,75,40,3,False
323,CameruptMega Camerupt,Fire,Ground,563,70,120,100,145,105,20,3,False
324,Torkoal,Fire,,473,70,85,140,85,70,20,3,False
325,Spoink,Psychic,,333,60,25,35,70,80,60,3,False
326,Grumpig,Psychic,,473,80,45,65,90,110,80,3,False
327,Spinda,Normal,,363,60,60,60,60,60,60,3,False
328,Trapinch,Ground,,293,45,100,45,45,45,10,3,False
329,Vibrava,Ground,Dragon,343,50,70,50,50,50,70,3,False
330,Flygon,Ground,Dragon,523,80,100,80,80,80,100,3,False
331,Cacnea,Grass,,338,50,85,40,85,40,35,3,False
332,Cacturne,Grass,Dark,478,70,115,60,115,60,55,3,False
333,Swablu,Normal,Flying,313,45,40,60,40,75,50,3,False
334,Altaria,Dragon,Flying,493,75,70,90,70,105,80,3,False
334,AltariaMega Altaria,Dragon,Fairy,593,75,110,110,110,105,80,3,False
335,Zangoose,Normal,,461,73,115,60,60,60,90,3,False
336,Seviper,Poison,,461,73,100,60,100,60,65,3,False
337,Lunatone,Rock,Psychic,443,70,55,65,95,85,70,3,False
338,Solrock,Rock,Psychic,443,70,95,85,55,65,70,3,False
339,Barboach,Water,Ground,291,50,48,43,46,41,60,3,False
340,Whiscash,Water,Ground,471,110,78,73,76,71,60,3,False
341,Corphish,Water,,311,43,80,65,50,35,35,3,False
342,Crawdaunt,Water,Dark,471,63,120,85,90,55,55,3,False
343,Baltoy,Ground,Psychic,303,40,40,55,40,70,55,3,False
344,Claydol,Ground,Psychic,503,60,70,105,70,120,75,3,False
345,Lileep,Rock,Grass,358,66,41,77,61,87,23,3,False
346,Cradily,Rock,Grass,498,86,81,97,81,107,43,3,False
347,Anorith,Rock,Bug,358,45,95,50,40,50,75,3,False
348,Armaldo,Rock,Bug,498,75,125,100,70,80,45,3,False
349,Feebas,Water,,203,20,15,20,10,55,80,3,False
350,Milotic,Water,,543,95,60,79,100,125,81,3,False
351,Castform,Normal,,423,70,70,70,70,70,70,3,False
352,Kecleon,Normal,,443,60,90,70,60,120,40,3,False
353,Shuppet,Ghost,,298,44,75,35,63,33,45,3,False
354,Banette,Ghost,,458,64,115,65,83,63,65,3,False
354,BanetteMega Banette,Ghost,,558,64,165,75,93,83,75,3,False
355,Duskull,Ghost,,298,20,40,90,30,90,25,3,False
356,Dusclops,Ghost,,458,40,70,130,60,130,25,3,False
357,Tropius,Grass,Flying,463,99,68,83,72,87,51,3,False
358,Chimecho,Psychic,,428,65,50,70,95,80,65,3,False
359,Absol,Dark,,468,65,130,60,75,60,75,3,False
359,AbsolMega Absol,Dark,,568,65,150,60,115,60,115,3,False
360,Wynaut,Psychic,,263,95,23,48,23,48,23,3,False
361,Snorunt,Ice,,303,50,50,50,50,50,50,3,False
362,Glalie,Ice,,483,80,80,80,80,80,80,3,False
362,GlalieMega Glalie,Ice,,583,80,120,80,120,80,100,3,False
363,Spheal,Ice,Water,293,70,40,50,55,50,25,3,False
364,Sealeo,Ice,Water,413,90,60,70,75,70,45,3,False
365,Walrein,Ice,Water,533,110,80,90,95,90,65,3,False
366,Clamperl,Water,,348,35,64,85,74,55,32,3,False
367,Huntail,Water,,488,55,104,105,94,75,52,3,False
368,Gorebyss,Water,,488,55,84,105,114,75,52,3,False
369,Relicanth,Water,Rock,488,100,90,130,45,65,55,3,False
370,Luvdisc,Water,,333,43,30,55,40,65,97,3,False
371,Bagon,Dragon,,303,45,75,60,40,30,50,3,False
372,Shelgon,Dragon,,423,65,95,100,60,50,50,3,False
373,Salamence,Dragon,Flying,603,95,135,80,110,80,100,3,False
373,SalamenceMega Salamence,Dragon,Flying,703,95,145,130,120,90,120,3,False
374,Beldum,Steel,Psychic,303,40,55,80,35,60,30,3,False
375,Metang,Steel,Psychic,423,60,75,100,55,80,50,3,False
376,Metagross,Steel,Psychic,603,80,135,130,95,90,70,3,False
376,MetagrossMega Metagross,Steel,Psychic,703,80,145,150,105,110,110,3,False
377,Regirock,Rock,,583,80,100,200,50,100,50,3,True
378,Regice,Ice,,583,80,50,100,100,200,50,3,True
379,Registeel,Steel,,583,80,75,150,75,150,50,3,True
380,Latias,Dragon,Psychic,603,80,80,90,110,130,110,3,True
380,LatiasMega Latias,Dragon,Psychic,703,80,100,120,140,150,110,3,True
381,Latios,Dragon,Psychic,603,80,90,80,130,110,110,3,True
381,LatiosMega Latios,Dragon,Psychic,703,80,130,100,160,120,110,3,True
382,Kyogre,Water,,673,100,100,90,150,140,90,3,True
382,KyogrePrimal Kyogre,Water,,773,100,150,90,180,160,90,3,True
383,Groudon,Ground,,673,100,150,140,100,90,90,3,True
383,GroudonPrimal Groudon,Ground,Fire,773,100,180,160,150,90,90,3,True
384,Rayquaza,Dragon,Flying,683,105,150,90,150,90,95,3,True
384,RayquazaMega Rayquaza,Dragon,Flying,783,105,180,100,180,100,115,3,True
385,Jirachi,Steel,Psychic,603,100,100,100,100,100,100,3,True
386,DeoxysNormal Forme,Psychic,,603,50,150,50,150,50,150,3,True
386,DeoxysAttack Forme,Psychic,,603,50,180,20,180,20,150,3,True
386,DeoxysDefense Forme,Psychic,,603,50,70,160,70,160,90,3,True
386,DeoxysSpeed Forme,Psychic,,603,50,95,90,95,90,180,3,True
387,Turtwig,Grass,,322,55,68,64,45,55,31,4,False
388,Grotle,Grass,,409,75,89,85,55,65,36,4,False
389,Torterra,Grass,Ground,529,95,109,105,75,85,56,4,False
390,Chimchar,Fire,,313,44,58,44,58,44,61,4,False
391,Monferno,Fire,Fighting,409,64,78,52,78,52,81,4,False
392,Infernape,Fire,Fighting,538,76,104,71,104,71,108,4,False
393,Piplup,Water,,318,53,51,53,61,56,40,4,False
394,Prinplup,Water,,409,64,66,68,81,76,50,4,False
395,Empoleon,Water,Steel,534,84,86,88,111,101,60,4,False
396,Starly,Normal,Flying,249,40,55,30,30,30,60,4,False
397,Staravia,Normal,Flying,344,55,75,50,40,40,80,4,False
398,Staraptor,Normal,Flying,489,85,120,70,50,60,100,4,False
399,Bidoof,Normal,,254,59,45,40,35,40,31,4,False
400,Bibarel,Normal,Water,414,79,85,60,55,60,71,4,False
401,Kricketot,Bug,,198,37,25,41,25,41,25,4,False
402,Kricketune,Bug,,388,77,85,51,55,51,65,4,False
403,Shinx,Electric,,267,45,65,34,40,34,45,4,False
404,Luxio,Electric,,367,60,85,49,60,49,60,4,False
405,Luxray,Electric,,527,80,120,79,95,79,70,4,False
406,Budew,Grass,Poison,284,40,30,35,50,70,55,4,False
407,Roserade,Grass,Poison,519,60,70,65,125,105,90,4,False
408,Cranidos,Rock,,354,67,125,40,30,30,58,4,False
409,Rampardos,Rock,,499,97,165,60,65,50,58,4,False
410,Shieldon,Rock,Steel,354,30,42,118,42,88,30,4,False
411,Bastiodon,Rock,Steel,499,60,52,168,47,138,30,4,False
412,Burmy,Bug,,228,40,29,45,29,45,36,4,False
413,WormadamPlant Cloak,Bug,Grass,428,60,59,85,79,105,36,4,False
413,WormadamSandy Cloak,Bug,Ground,428,60,79,105,59,85,36,4,False
413,WormadamTrash Cloak,Bug,Steel,428,60,69,95,69,95,36,4,False
414,Mothim,Bug,Flying,428,70,94,50,94,50,66,4,False
415,Combee,Bug,Flying,248,30,30,42,30,42,70,4,False
416,Vespiquen,Bug,Flying,478,70,80,102,80,102,40,4,False
417,Pachirisu,Electric,,409,60,45,70,45,90,95,4,False
418,Buizel,Water,,334,55,65,35,60,30,85,4,False
419,Floatzel,Water,,499,85,105,55,85,50,115,4,False
420,Cherubi,Grass,,279,45,35,45,62,53,35,4,False
421,Cherrim,Grass,,454,70,60,70,87,78,85,4,False
422,Shellos,Water,,329,76,48,48,57,62,34,4,False
423,Gastrodon,Water,Ground,479,111,83,68,92,82,39,4,False
424,Ambipom,Normal,,486,75,100,66,60,66,115,4,False
425,Drifloon,Ghost,Flying,352,90,50,34,60,44,70,4,False
426,Drifblim,Ghost,Flying,502,150,80,44,90,54,80,4,False
427,Buneary,Normal,,354,55,66,44,44,56,85,4,False
428,Lopunny,Normal,,484,65,76,84,54,96,105,4,False
428,LopunnyMega Lopunny,Normal,Fighting,584,65,136,94,54,96,135,4,False
429,Mismagius,Ghost,,499,60,60,60,105,105,105,4,False
430,Honchkrow,Dark,Flying,509,100,125,52,105,52,71,4,False
431,Glameow,Normal,,314,49,55,42,42,37,85,4,False
432,Purugly,Normal,,456,71,82,64,64,59,112,4,False
433,Chingling,Psychic,,289,45,30,50,65,50,45,4,False
434,Stunky,Poison,Dark,333,63,63,47,41,41,74,4,False
435,Skuntank,Poison,Dark,483,103,93,67,71,61,84,4,False
436,Bronzor,Steel,Psychic,304,57,24,86,24,86,23,4,False
437,Bronzong,Steel,Psychic,504,67,89,116,79,116,33,4,False
438,Bonsly,Rock,,294,50,80,95,10,45,10,4,False
439,Mime Jr.,Psychic,Fairy,314,20,25,45,70,90,60,4,False
440,Happiny,Normal,,224,100,5,5,15,65,30,4,False
441,Chatot,Normal,Flying,415,76,65,45,92,42,91,4,False
442,Spiritomb,Ghost,Dark,489,50,92,108,92,108,35,4,False
443,Gible,Dragon,Ground,304,58,70,45,40,45,42,4,False
444,Gabite,Dragon,Ground,414,68,90,65,50,55,82,4,False
445,Garchomp,Dragon,Ground,604,108,130,95,80,85,102,4,False
445,GarchompMega Garchomp,Dragon,Ground,704,108,170,115,120,95,92,4,False
446,Munchlax,Normal,,394,135,85,40,40,85,5,4,False
447,Riolu,Fighting,,289,40,70,40,35,40,60,4,False
448,Lucario,Fighting,Steel,529,70,110,70,115,70,90,4,False
448,LucarioMega Lucario,Fighting,Steel,629,70,145,88,140,70,112,4,False
449,Hippopotas,Ground,,334,68,72,78,38,42,32,4,False
450,Hippowdon,Ground,,529,108,112,118,68,72,47,4,False
451,Skorupi,Poison,Bug,334,40,50,90,30,55,65,4,False
452,Drapion,Poison,Dark,504,70,90,110,60,75,95,4,False
453,Croagunk,Poison,Fighting,304,48,61,40,61,40,50,4,False
454,Toxicroak,Poison,Fighting,494,83,106,65,86,65,85,4,False
455,Carnivine,Grass,,458,74,100,72,90,72,46,4,False
456,Finneon,Water,,334,49,49,56,49,61,66,4,False
457,Lumineon,Water,,464,69,69,76,69,86,91,4,False
458,Mantyke,Water,Flying,349,45,20,50,60,120,50,4,False
459,Snover,Grass,Ice,338,60,62,50,62,60,40,4,False
460,Abomasnow,Grass,Ice,498,90,92,75,92,85,60,4,False
460,AbomasnowMega Abomasnow,Grass,Ice,598,90,132,105,132,105,30,4,False
461,Weavile,Dark,Ice,514,70,120,65,45,85,125,4,False
462,Magnezone,Electric,Steel,539,70,70,115,130,90,60,4,False
463,Lickilicky,Normal,,519,110,85,95,80,95,50,4,False
464,Rhyperior,Ground,Rock,539,115,140,130,55,55,40,4,False
465,Tangrowth,Grass,,539,100,100,125,110,50,50,4,False
466,Electivire,Electric,,544,75,123,67,95,85,95,4,False
467,Magmortar,Fire,,544,75,95,67,125,95,83,4,False
468,Togekiss,Fairy,Flying,549,85,50,95,120,115,80,4,False
469,Yanmega,Bug,Flying,519,86,76,86,116,56,95,4,False
470,Leafeon,Grass,,529,65,110,130,60,65,95,4,False
471,Glaceon,Ice,,529,65,60,110,130,95,65,4,False
472,Gliscor,Ground,Flying,514,75,95,125,45,75,95,4,False
473,Mamoswine,Ice,Ground,534,110,130,80,70,60,80,4,False
474,Porygon-Z,Normal,,539,85,80,70,135,75,90,4,False
475,Gallade,Psychic,Fighting,522,68,125,65,65,115,80,4,False
475,GalladeMega Gallade,Psychic,Fighting,622,68,165,95,65,115,110,4,False
476,Probopass,Rock,Steel,529,60,55,145,75,150,40,4,False
477,Dusknoir,Ghost,,529,45,100,135,65,135,45,4,False
478,Froslass,Ice,Ghost,484,70,80,70,80,70,110,4,False
479,Rotom,Electric,Ghost,444,50,50,77,95,77,91,4,False
479,RotomHeat Rotom,Electric,Fire,524,50,65,107,105,107,86,4,False
479,RotomWash Rotom,Electric,Water,524,50,65,107,105,107,86,4,False
479,RotomFrost Rotom,Electric,Ice,524,50,65,107,105,107,86,4,False
479,RotomFan Rotom,Electric,Flying,524,50,65,107,105,107,86,4,False
479,RotomMow Rotom,Electric,Grass,524,50,65,107,105,107,86,4,False
480,Uxie,Psychic,,584,75,75,130,75,130,95,4,True
481,Mesprit,Psychic,,584,80,105,105,105,105,80,4,True
482,Azelf,Psychic,,584,75,125,70,125,70,115,4,True
483,Dialga,Steel,Dragon,684,100,120,120,150,100,90,4,True
484,Palkia,Water,Dragon,684,90,120,100,150,120,100,4,True
485,Heatran,Fire,Steel,604,91,90,106,130,106,77,4,True
486,Regigigas,Normal,,674,110,160,110,80,110,100,4,True
487,GiratinaAltered Forme,Ghost,Dragon,684,150,100,120,100,120,90,4,True
487,GiratinaOrigin Forme,Ghost,Dragon,684,150,120,100,120,100,90,4,True
488,Cresselia,Psychic,,604,120,70,120,75,130,85,4,False
489,Phione,Water,,484,80,80,80,80,80,80,4,False
490,Manaphy,Water,,604,100,100,100,100,100,100,4,False
491,Darkrai,Dark,,604,70,90,90,135,90,125,4,True
492,ShayminLand Forme,Grass,,604,100,100,100,100,100,100,4,True
492,ShayminSky Forme,Grass,Flying,604,100,103,75,120,75,127,4,True
493,Arceus,Normal,,724,120,120,120,120,120,120,4,True
494,Victini,Psychic,Fire,605,100,100,100,100,100,100,5,True
495,Snivy,Grass,,313,45,45,55,45,55,63,5,False
496,Servine,Grass,,418,60,60,75,60,75,83,5,False
497,Serperior,Grass,,533,75,75,95,75,95,113,5,False
498,Tepig,Fire,,313,65,63,45,45,45,45,5,False
499,Pignite,Fire,Fighting,423,90,93,55,70,55,55,5,False
500,Emboar,Fire,Fighting,533,110,123,65,100,65,65,5,False
501,Oshawott,Water,,313,55,55,45,63,45,45,5,False
502,Dewott,Water,,418,75,75,60,83,60,60,5,False
503,Samurott,Water,,533,95,100,85,108,70,70,5,False
504,Patrat,Normal,,260,45,55,39,35,39,42,5,False
505,Watchog,Normal,,425,60,85,69,60,69,77,5,False
506,Lillipup,Normal,,280,45,60,45,25,45,55,5,False
507,Herdier,Normal,,375,65,80,65,35,65,60,5,False
508,Stoutland,Normal,,505,85,110,90,45,90,80,5,False
509,Purrloin,Dark,,286,41,50,37,50,37,66,5,False
510,Liepard,Dark,,451,64,88,50,88,50,106,5,False
511,Pansage,Grass,,321,50,53,48,53,48,64,5,False
512,Simisage,Grass,,503,75,98,63,98,63,101,5,False
513,Pansear,Fire,,321,50,53,48,53,48,64,5,False
514,Simisear,Fire,,503,75,98,63,98,63,101,5,False
515,Panpour,Water,,321,50,53,48,53,48,64,5,False
516,Simipour,Water,,503,75,98,63,98,63,101,5,False
517,Munna,Psychic,,297,76,25,45,67,55,24,5,False
518,Musharna,Psychic,,492,116,55,85,107,95,29,5,False
519,Pidove,Normal,Flying,269,50,55,50,36,30,43,5,False
520,Tranquill,Normal,Flying,363,62,77,62,50,42,65,5,False
521,Unfezant,Normal,Flying,493,80,115,80,65,55,93,5,False
522,Blitzle,Electric,,300,45,60,32,50,32,76,5,False
523,Zebstrika,Electric,,502,75,100,63,80,63,116,5,False
524,Roggenrola,Rock,,285,55,75,85,25,25,15,5,False
525,Boldore,Rock,,395,70,105,105,50,40,20,5,False
526,Gigalith,Rock,,520,85,135,130,60,80,25,5,False
527,Woobat,Psychic,Flying,318,55,45,43,55,43,72,5,False
528,Swoobat,Psychic,Flying,430,67,57,55,77,55,114,5,False
529,Drilbur,Ground,,333,60,85,40,30,45,68,5,False
530,Excadrill,Ground,Steel,513,110,135,60,50,65,88,5,False
531,Audino,Normal,,450,103,60,86,60,86,50,5,False
531,AudinoMega Audino,Normal,Fairy,550,103,60,126,80,126,50,5,False
532,Timburr,Fighting,,310,75,80,55,25,35,35,5,False
533,Gurdurr,Fighting,,410,85,105,85,40,50,40,5,False
534,Conkeldurr,Fighting,,510,105,140,95,55,65,45,5,False
535,Tympole,Water,,299,50,50,40,50,40,64,5,False
536,Palpitoad,Water,Ground,389,75,65,55,65,55,69,5,False
537,Seismitoad,Water,Ground,514,105,95,75,85,75,74,5,False
538,Throh,Fighting,,470,120,100,85,30,85,45,5,False
539,Sawk,Fighting,,470,75,125,75,30,75,85,5,False
540,Sewaddle,Bug,Grass,315,45,53,70,40,60,42,5,False
541,Swadloon,Bug,Grass,385,55,63,90,50,80,42,5,False
542,Leavanny,Bug,Grass,505,75,103,80,70,80,92,5,False
543,Venipede,Bug,Poison,265,30,45,59,30,39,57,5,False
544,Whirlipede,Bug,Poison,365,40,55,99,40,79,47,5,False
545,Scolipede,Bug,Poison,490,60,100,89,55,69,112,5,False
546,Cottonee,Grass,Fairy,285,40,27,60,37,50,66,5,False
547,Whimsicott,Grass,Fairy,485,60,67,85,77,75,116,5,False
548,Petilil,Grass,,285,45,35,50,70,50,30,5,False
549,Lilligant,Grass,,485,70,60,75,110,75,90,5,False
550,Basculin,Water,,465,70,92,65,80,55,98,5,False
551,Sandile,Ground,Dark,297,50,72,35,35,35,65,5,False
552,Krokorok,Ground,Dark,356,60,82,45,45,45,74,5,False
553,Krookodile,Ground,Dark,524,95,117,80,65,70,92,5,False
554,Darumaka,Fire,,320,70,90,45,15,45,50,5,False
555,DarmanitanStandard Mode,Fire,,485,105,140,55,30,55,95,5,False
555,DarmanitanZen Mode,Fire,Psychic,545,105,30,105,140,105,55,5,False
556,Maractus,Grass,,466,75,86,67,106,67,60,5,False
557,Dwebble,Bug,Rock,330,50,65,85,35,35,55,5,False
558,Crustle,Bug,Rock,480,70,95,125,65,75,45,5,False
559,Scraggy,Dark,Fighting,353,50,75,70,35,70,48,5,False
560,Scrafty,Dark,Fighting,493,65,90,115,45,115,58,5,False
561,Sigilyph,Psychic,Flying,495,72,58,80,103,80,97,5,False
562,Yamask,Ghost,,308,38,30,85,55,65,30,5,False
563,Cofagrigus,Ghost,,488,58,50,145,95,105,30,5,False
564,Tirtouga,Water,Rock,360,54,78,103,53,45,22,5,False
565,Carracosta,Water,Rock,500,74,108,133,83,65,32,5,False
566,Archen,Rock,Flying,406,55,112,45,74,45,70,5,False
567,Archeops,Rock,Flying,572,75,140,65,112,65,110,5,False
568,Trubbish,Poison,,334,50,50,62,40,62,65,5,False
569,Garbodor,Poison,,479,80,95,82,60,82,75,5,False
570,Zorua,Dark,,335,40,65,40,80,40,65,5,False
571,Zoroark,Dark,,515,60,105,60,120,60,105,5,False
572,Minccino,Normal,,305,55,50,40,40,40,75,5,False
573,Cinccino,Normal,,475,75,95,60,65,60,115,5,False
574,Gothita,Psychic,,295,45,30,50,55,65,45,5,False
575,Gothorita,Psychic,,395,60,45,70,75,85,55,5,False
576,Gothitelle,Psychic,,495,70,55,95,95,110,65,5,False
577,Solosis,Psychic,,295,45,30,40,105,50,20,5,False
578,Duosion,Psychic,,375,65,40,50,125,60,30,5,False
579,Reuniclus,Psychic,,495,110,65,75,125,85,30,5,False
580,Ducklett,Water,Flying,310,62,44,50,44,50,55,5,False
581,Swanna,Water,Flying,478,75,87,63,87,63,98,5,False
582,Vanillite,Ice,,310,36,50,50,65,60,44,5,False
583,Vanillish,Ice,,400,51,65,65,80,75,59,5,False
584,Vanilluxe,Ice,,540,71,95,85,110,95,79,5,False
585,Deerling,Normal,Grass,340,60,60,50,40,50,75,5,False
586,Sawsbuck,Normal,Grass,480,80,100,70,60,70,95,5,False
587,Emolga,Electric,Flying,433,55,75,60,75,60,103,5,False
588,Karrablast,Bug,,320,50,75,45,40,45,60,5,False
589,Escavalier,Bug,Steel,500,70,135,105,60,105,20,5,False
590,Foongus,Grass,Poison,299,69,55,45,55,55,15,5,False
591,Amoonguss,Grass,Poison,469,114,85,70,85,80,30,5,False
592,Frillish,Water,Ghost,340,55,40,50,65,85,40,5,False
593,Jellicent,Water,Ghost,485,100,60,70,85,105,60,5,False
594,Alomomola,Water,,475,165,75,80,40,45,65,5,False
595,Joltik,Bug,Electric,324,50,47,50,57,50,65,5,False
596,Galvantula,Bug,Electric,477,70,77,60,97,60,108,5,False
597,Ferroseed,Grass,Steel,310,44,50,91,24,86,10,5,False
598,Ferrothorn,Grass,Steel,494,74,94,131,54,116,20,5,False
599,Klink,Steel,,305,40,55,70,45,60,30,5,False
600,Klang,Steel,,445,60,80,95,70,85,50,5,False
601,Klinklang,Steel,,525,60,100,115,70,85,90,5,False
602,Tynamo,Electric,,280,35,55,40,45,40,60,5,False
603,Eelektrik,Electric,,410,65,85,70,75,70,40,5,False
604,Eelektross,Electric,,520,85,115,80,105,80,50,5,False
605,Elgyem,Psychic,,340,55,55,55,85,55,30,5,False
606,Beheeyem,Psychic,,490,75,75,75,125,95,40,5,False
607,Litwick,Ghost,Fire,280,50,30,55,65,55,20,5,False
608,Lampent,Ghost,Fire,375,60,40,60,95,60,55,5,False
609,Chandelure,Ghost,Fire,525,60,55,90,145,90,80,5,False
610,Axew,Dragon,,325,46,87,60,30,40,57,5,False
611,Fraxure,Dragon,,415,66,117,70,40,50,67,5,False
612,Haxorus,Dragon,,545,76,147,90,60,70,97,5,False
613,Cubchoo,Ice,,310,55,70,40,60,40,40,5,False
614,Beartic,Ice,,490,95,110,80,70,80,50,5,False
615,Cryogonal,Ice,,490,70,50,30,95,135,105,5,False
616,Shelmet,Bug,,310,50,40,85,40,65,25,5,False
617,Accelgor,Bug,,500,80,70,40,100,60,145,5,False
618,Stunfisk,Ground,Electric,476,109,66,84,81,99,32,5,False
619,Mienfoo,Fighting,,355,45,85,50,55,50,65,5,False
620,Mienshao,Fighting,,515,65,125,60,95,60,105,5,False
621,Druddigon,Dragon,,490,77,120,90,60,90,48,5,False
622,Golett,Ground,Ghost,308,59,74,50,35,50,35,5,False
623,Golurk,Ground,Ghost,488,89,124,80,55,80,55,5,False
624,Pawniard,Dark,Steel,345,45,85,70,40,40,60,5,False
625,Bisharp,Dark,Steel,495,65,125,100,60,70,70,5,False
626,Bouffalant,Normal,,495,95,110,95,40,95,55,5,False
627,Rufflet,Normal,Flying,355,70,83,50,37,50,60,5,False
628,Braviary,Normal,Flying,515,100,123,75,57,75,80,5,False
629,Vullaby,Dark,Flying,375,70,55,75,45,65,60,5,False
630,Mandibuzz,Dark,Flying,515,110,65,105,55,95,80,5,False
631,Heatmor,Fire,,489,85,97,66,105,66,65,5,False
632,Durant,Bug,Steel,489,58,109,112,48,48,109,5,False
633,Deino,Dark,Dragon,305,52,65,50,45,50,38,5,False
634,Zweilous,Dark,Dragon,425,72,85,70,65,70,58,5,False
635,Hydreigon,Dark,Dragon,605,92,105,90,125,90,98,5,False
636,Larvesta,Bug,Fire,365,55,85,55,50,55,60,5,False
637,Volcarona,Bug,Fire,555,85,60,65,135,105,100,5,False
638,Cobalion,Steel,Fighting,585,91,90,129,90,72,108,5,True
639,Terrakion,Rock,Fighting,585,91,129,90,72,90,108,5,True
640,Virizion,Grass,Fighting,585,91,90,72,90,129,108,5,True
641,TornadusIncarnate Forme,Flying,,585,79,115,70,125,80,111,5,True
641,TornadusTherian Forme,Flying,,585,79,100,80,110,90,121,5,True
642,ThundurusIncarnate Forme,Electric,Flying,585,79,115,70,125,80,111,5,True
642,ThundurusTherian Forme,Electric,Flying,585,79,105,70,145,80,101,5,True
643,Reshiram,Dragon,Fire,685,100,120,100,150,120,90,5,True
644,Zekrom,Dragon,Electric,685,100,150,120,120,100,90,5,True
645,LandorusIncarnate Forme,Ground,Flying,605,89,125,90,115,80,101,5,True
645,LandorusTherian Forme,Ground,Flying,605,89,145,90,105,80,91,5,True
646,Kyurem,Dragon,Ice,665,125,130,90,130,90,95,5,True
646,KyuremBlack Kyurem,Dragon,Ice,705,125,170,100,120,90,95,5,True
646,KyuremWhite Kyurem,Dragon,Ice,705,125,120,90,170,100,95,5,True
647,KeldeoOrdinary Forme,Water,Fighting,585,91,72,90,129,90,108,5,False
647,KeldeoResolute Forme,Water,Fighting,585,91,72,90,129,90,108,5,False
648,MeloettaAria Forme,Normal,Psychic,605,100,77,77,128,128,90,5,False
648,MeloettaPirouette Forme,Normal,Fighting,605,100,128,90,77,77,128,5,False
649,Genesect,Bug,Steel,605,71,120,95,120,95,99,5,False
650,Chespin,Grass,,319,56,61,65,48,45,38,6,False
651,Quilladin,Grass,,411,61,78,95,56,58,57,6,False
652,Chesnaught,Grass,Fighting,536,88,107,122,74,75,64,6,False
653,Fennekin,Fire,,313,40,45,40,62,60,60,6,False
654,Braixen,Fire,,415,59,59,58,90,70,73,6,False
655,Delphox,Fire,Psychic,540,75,69,72,114,100,104,6,False
656,Froakie,Water,,320,41,56,40,62,44,71,6,False
657,Frogadier,Water,,411,54,63,52,83,56,97,6,False
658,Greninja,Water,Dark,536,72,95,67,103,71,122,6,False
659,Bunnelby,Normal,,243,38,36,38,32,36,57,6,False
660,Diggersby,Normal,Ground,429,85,56,77,50,77,78,6,False
661,Fletchling,Normal,Flying,284,45,50,43,40,38,62,6,False
662,Fletchinder,Fire,Flying,388,62,73,55,56,52,84,6,False
663,Talonflame,Fire,Flying,505,78,81,71,74,69,126,6,False
664,Scatterbug,Bug,,206,38,35,40,27,25,35,6,False
665,Spewpa,Bug,,219,45,22,60,27,30,29,6,False
666,Vivillon,Bug,Flying,417,80,52,50,90,50,89,6,False
667,Litleo,Fire,Normal,375,62,50,58,73,54,72,6,False
668,Pyroar,Fire,Normal,513,86,68,72,109,66,106,6,False
669,Flabébé,Fairy,,309,44,38,39,61,79,42,6,False
670,Floette,Fairy,,377,54,45,47,75,98,52,6,False
671,Florges,Fairy,,558,78,65,68,112,154,75,6,False
672,Skiddo,Grass,,356,66,65,48,62,57,52,6,False
673,Gogoat,Grass,,537,123,100,62,97,81,68,6,False
674,Pancham,Fighting,,354,67,82,62,46,48,43,6,False
675,Pangoro,Fighting,Dark,501,95,124,78,69,71,58,6,False
676,Furfrou,Normal,,478,75,80,60,65,90,102,6,False
677,Espurr,Psychic,,361,62,48,54,63,60,68,6,False
678,MeowsticMale,Psychic,,472,74,48,76,83,81,104,6,False
678,MeowsticFemale,Psychic,,472,74,48,76,83,81,104,6,False
679,Honedge,Steel,Ghost,331,45,80,100,35,37,28,6,False
680,Doublade,Steel,Ghost,454,59,110,150,45,49,35,6,False
681,AegislashBlade Forme,Steel,Ghost,526,60,150,50,150,50,60,6,False
681,AegislashShield Forme,Steel,Ghost,526,60,50,150,50,150,60,6,False
682,Spritzee,Fairy,,347,78,52,60,63,65,23,6,False
683,Aromatisse,Fairy,,468,101,72,72,99,89,29,6,False
684,Swirlix,Fairy,,347,62,48,66,59,57,49,6,False
685,Slurpuff,Fairy,,486,82,80,86,85,75,72,6,False
686,Inkay,Dark,Psychic,294,53,54,53,37,46,45,6,False
687,Malamar,Dark,Psychic,488,86,92,88,68,75,73,6,False
688,Binacle,Rock,Water,312,42,52,67,39,56,50,6,False
689,Barbaracle,Rock,Water,506,72,105,115,54,86,68,6,False
690,Skrelp,Poison,Water,326,50,60,60,60,60,30,6,False
691,Dragalge,Poison,Dragon,500,65,75,90,97,123,44,6,False
692,Clauncher,Water,,336,50,53,62,58,63,44,6,False
693,Clawitzer,Water,,506,71,73,88,120,89,59,6,False
694,Helioptile,Electric,Normal,295,44,38,33,61,43,70,6,False
695,Heliolisk,Electric,Normal,487,62,55,52,109,94,109,6,False
696,Tyrunt,Rock,Dragon,368,58,89,77,45,45,48,6,False
697,Tyrantrum,Rock,Dragon,527,82,121,119,69,59,71,6,False
698,Amaura,Rock,Ice,368,77,59,50,67,63,46,6,False
699,Aurorus,Rock,Ice,527,123,77,72,99,92,58,6,False
700,Sylveon,Fairy,,531,95,65,65,110,130,60,6,False
701,Hawlucha,Fighting,Flying,506,78,92,75,74,63,118,6,False
702,Dedenne,Electric,Fairy,437,67,58,57,81,67,101,6,False
703,Carbink,Rock,Fairy,506,50,50,150,50,150,50,6,False
704,Goomy,Dragon,,306,45,50,35,55,75,40,6,False
705,Sliggoo,Dragon,,458,68,75,53,83,113,60,6,False
706,Goodra,Dragon,,606,90,100,70,110,150,80,6,False
707,Klefki,Steel,Fairy,476,57,80,91,80,87,75,6,False
708,Phantump,Ghost,Grass,315,43,70,48,50,60,38,6,False
709,Trevenant,Ghost,Grass,480,85,110,76,65,82,56,6,False
710,PumpkabooAverage Size,Ghost,Grass,341,49,66,70,44,55,51,6,False
710,PumpkabooSmall Size,Ghost,Grass,341,44,66,70,44,55,56,6,False
710,PumpkabooLarge Size,Ghost,Grass,341,54,66,70,44,55,46,6,False
710,PumpkabooSuper Size,Ghost,Grass,341,59,66,70,44,55,41,6,False
711,GourgeistAverage Size,Ghost,Grass,500,65,90,122,58,75,84,6,False
711,GourgeistSmall Size,Ghost,Grass,500,55,85,122,58,75,99,6,False
711,GourgeistLarge Size,Ghost,Grass,500,75,95,122,58,75,69,6,False
711,GourgeistSuper Size,Ghost,Grass,500,85,100,122,58,75,54,6,False
712,Bergmite,Ice,,310,55,69,85,32,35,28,6,False
713,Avalugg,Ice,,520,95,117,184,44,46,28,6,False
714,Noibat,Flying,Dragon,251,40,30,35,45,40,55,6,False
715,Noivern,Flying,Dragon,541,85,70,80,97,80,123,6,False
716,Xerneas,Fairy,,686,126,131,95,131,98,99,6,True
717,Yveltal,Dark,Flying,686,126,131,95,131,98,99,6,True
718,Zygarde50% Forme,Dragon,Ground,606,108,100,121,81,95,95,6,True
719,Diancie,Rock,Fairy,606,50,100,150,100,150,50,6,True
719,DiancieMega Diancie,Rock,Fairy,706,50,160,110,160,110,110,6,True
720,HoopaHoopa Confined,Psychic,Ghost,606,80,110,60,150,130,70,6,True
720,HoopaHoopa Unbound,Psychic,Dark,686,80,160,60,170,130,80,6,True
721,Volcanion,Fire,Water,606,80,110,120,130,90,70,6,True
